City_ID,City,Lat,Lng,Max Temp,Humidity,Cloudiness,Wind Speed,Country,Date
0,broken hill,-31.95,141.4333,21.16,76,99,7.75,AU,1732395525
1,edinburgh of the seven seas,-37.0676,-12.3116,12.38,63,24,6.92,SH,1732395498
2,bom jesus do galho,-19.8289,-42.3161,18.7,92,100,1.51,BR,1732395792
3,yellowknife,62.456,-114.3525,-13.71,78,100,1.54,CA,1732395793
4,mount gambier,-37.8333,140.7667,15.84,92,100,2.85,AU,1732395795
5,ishikawa,26.4233,127.8214,20.02,69,99,5.51,JP,1732395797
6,isafjordur,66.0755,-23.124,-5.31,70,59,6.2,IS,1732395498
7,kokkola,63.8385,23.1307,0.52,93,0,4.63,FI,1732395799
8,strathalbyn,-35.2667,138.9,16.4,99,100,2.56,AU,1732395800
9,port-aux-francais,-49.35,70.2167,6.9,95,100,20.73,TF,1732395801
10,mount isa,-20.7333,139.5,24.87,53,9,2.57,AU,1732395802
11,west island,-12.1568,96.8225,25.99,94,100,7.72,CC,1732395804
12,mahajanga,-15.7167,46.3167,28.01,83,40,2.06,MG,1732395805
13,mecca,21.4267,39.8261,25.69,64,0,1.97,SA,1732395806
14,sur,22.5667,59.5289,24.88,57,100,3.48,OM,1732395808
15,grytviken,-54.2811,-36.5092,7.75,91,100,6.05,GS,1732395809
16,mabaruma,8.2,-59.7833,26.88,83,96,1.92,GY,1732395810
17,fuqing,25.725,119.3794,14.89,81,94,4.72,CN,1732395586
18,kloulklubed,7.0419,134.2556,28.45,81,99,5.65,PW,1732395812
19,waajid,3.8096,43.2463,27.5,47,100,3.52,SO,1732395815
20,alotau,-10.3069,150.4462,26.15,90,94,0.76,PG,1732395816
21,wailua homesteads,22.0669,-159.378,23.96,76,80,1.95,US,1732395817
22,longyearbyen,78.2186,15.6401,-5.09,74,75,4.12,SJ,1732395818
23,puerto natales,-51.7236,-72.4875,10.25,43,40,3.6,CL,1732395819
24,adamstown,-25.066,-130.1015,22.64,73,90,6.8,PN,1732395821
25,takoradi,4.8845,-1.7554,26.44,84,16,3.11,GH,1732395822
26,lebu,-37.6167,-73.65,16.31,77,35,3.4,CL,1732395823
27,carutapera,-1.195,-46.02,26.58,77,0,4.56,BR,1732395824
28,albany,42.6001,-73.9662,7.54,69,73,1.34,US,1732395825
29,sakakah,29.9697,40.2064,16.76,47,42,4.59,SA,1732395826
30,utrik,11.2278,169.8474,27.86,80,99,8.87,MH,1732395828
31,hacienda huancane,-15.8222,-70.8856,8.48,62,82,4.4,PE,1732395829
32,ribeira grande,38.5167,-28.7,17.22,77,40,8.05,PT,1732395831
33,mohr,54.3528,9.7167,3.05,90,100,7.72,DE,1732395832
34,remire-montjoly,4.9167,-52.2667,28.02,83,0,1.03,GF,1732395725
35,qaqortoq,60.7167,-46.0333,-12.79,74,0,3.31,GL,1732395834
36,ta`u,-14.2336,-169.5144,26.84,83,68,6.7,AS,1732395835
37,bilibino,68.0546,166.4372,-27.76,96,19,1.79,RU,1732395838
38,papatowai,-46.5619,169.4708,12.48,47,70,1.49,NZ,1732395839
39,acapulco de juarez,16.8634,-99.8901,26.45,69,66,3.11,MX,1732395603
40,masterton,-40.9597,175.6575,11.62,88,98,2.52,NZ,1732395841
41,gurupi,-11.7292,-49.0686,27.54,75,98,2.12,BR,1732395603
42,darnah,32.767,22.6367,17.96,61,50,13.72,LY,1732395843
43,iskateley,67.6803,53.1512,-2.77,91,100,8.1,RU,1732395844
44,edd,13.9297,41.6925,29.19,60,9,8.5,ER,1732395846
45,klyuchi,52.2667,79.1667,-9.86,93,11,2.77,RU,1732395847
46,constantia,44.1833,28.65,1.5,62,69,7.85,RO,1732395848
47,port mathurin,-19.6833,63.4167,24.7,76,9,8.7,MU,1732395849
48,geraldton,-28.7667,114.6,15.23,88,0,5.54,AU,1732395851
49,kapuskasing,49.4169,-82.4331,0.05,100,100,6.69,CA,1732395842
50,gobabis,-22.45,18.9667,27.04,23,40,3.81,NA,1732395857
51,tyumentsevo,53.3224,81.498,-11.1,96,76,3.9,RU,1732395858
52,smithers,54.7804,-127.1743,-5.82,63,100,3.6,CA,1732395777
53,mil'kovo,55.6078,37.7956,0.91,58,100,4.96,RU,1732395861
54,sigli,5.3848,95.9609,25.03,85,100,1.34,ID,1732395862
55,minas de marcona,-15.2119,-75.1103,18.99,60,100,7.18,PE,1732395863
56,katsuura,35.1333,140.3,10.48,69,99,6.92,JP,1732395864
57,narrabri,-30.3167,149.7833,23.62,66,66,1.79,AU,1732395658
58,puerto deseado,-47.7503,-65.8938,13.3,43,38,7.77,AR,1732395866
59,dzerzhinskoye,56.8344,95.2283,-14.22,70,100,1.41,RU,1732395867
60,blackmans bay,-43.0167,147.3167,14.29,88,92,0.89,AU,1732395868
61,tiksi,71.6872,128.8694,-26.97,97,13,4.09,RU,1732395870
62,union hidalgo,16.4723,-94.8295,27.56,46,5,10.22,MX,1732395871
63,nar'yan-mar,67.6713,53.087,-2.81,91,100,8.05,RU,1732395793
64,zaozersk,69.4005,32.4476,-2.81,79,79,14.85,RU,1732395874
65,susuman,62.7833,148.1667,-39.81,100,80,0.21,RU,1732395875
66,tura,25.5198,90.2201,15.57,89,0,1.45,IN,1732395876
67,waitangi,-43.9535,-176.5597,12.12,73,99,4.92,NZ,1732395877
68,vielha,42.6846,0.7726,-0.74,97,100,3.59,ES,1732395655
69,zhuanghe,39.7008,122.9911,1.86,42,9,1.18,CN,1732395880
70,ylitornio,66.3089,23.6773,-5.41,90,24,2.77,FI,1732395881
71,kodiak,57.79,-152.4072,3.73,65,0,0.0,US,1732395882
72,villa gonzalez ortega,22.5,-101.9167,22.67,15,0,2.21,MX,1732395883
73,iqaluit,63.7506,-68.5145,-2.15,100,100,1.54,CA,1732395884
74,shenjiamen,29.9576,122.298,14.54,65,100,3.41,CN,1732395885
75,claveria,18.6074,121.0832,24.98,89,98,8.63,PH,1732395886
76,thompson,55.7435,-97.8558,-12.91,78,20,4.12,CA,1732395887
77,anadyr,64.75,177.4833,-2.72,86,100,10.0,RU,1732395888
78,anshing,20.0333,77.3167,17.91,60,91,1.71,IN,1732395890
79,fairbanks,64.8378,-147.7164,-10.31,87,0,1.54,US,1732395891
80,afaahiti,-17.75,-149.2833,25.34,83,24,6.52,PF,1732395892
81,soio,-6.1349,12.3689,26.08,82,94,1.46,AO,1732395893
82,metlili chaamba,32.2667,3.6333,14.52,58,0,4.63,DZ,1732395894
83,udachny,66.4167,112.4,-23.9,91,99,1.69,RU,1732395895
84,kissidougou,9.1848,-10.0999,21.73,41,50,0.42,GN,1732395896
85,dickinson,29.4608,-95.0513,24.49,56,0,5.14,US,1732395897
86,bethel,41.3712,-73.414,8.9,64,68,1.79,US,1732395647
87,punta arenas,-53.15,-70.9167,11.06,40,20,17.49,CL,1732395714
88,simpang,-1.2667,104.0833,23.4,98,100,1.0,ID,1732395901
89,aleksandrovsk-sakhalinskiy,50.8975,142.1561,-3.02,96,100,9.32,RU,1732395902
90,khorugh,37.4897,71.553,-19.46,91,72,0.82,TJ,1732395903
91,dryden,49.7833,-92.7503,-5.84,86,100,3.09,CA,1732395904
92,east london,-33.0153,27.9116,21.41,75,97,2.99,ZA,1732395905
93,tsiombe,-25.3,45.4833,22.64,96,1,0.06,MG,1732395906
94,atafu village,-8.5421,-172.5159,28.8,71,87,9.04,TK,1732395907
95,avarua,-21.2078,-159.775,26.03,65,88,7.2,CK,1732395909
96,butterworth,5.3991,100.3638,27.02,89,40,1.54,MY,1732395657
97,kasaragod,12.5,75.0,22.57,81,80,2.05,IN,1732395911
98,jamestown,42.097,-79.2353,6.12,94,100,6.17,US,1732395912
99,katsuren-haebaru,26.3369,127.8719,20.05,69,99,5.11,JP,1732395913
100,mocimboa,-11.3167,40.35,25.0,88,6,2.25,MZ,1732395914
101,ilulissat,69.2167,-51.1,-5.99,42,100,3.09,GL,1732395915
102,ola,59.5833,151.2833,-14.34,77,5,3.88,RU,1732395916
103,axim,4.8699,-2.2405,26.33,83,29,3.39,GH,1732395918
104,cabedelo,-6.9811,-34.8339,27.37,76,10,4.1,BR,1732395919
105,kamloops,50.6665,-120.3192,5.65,88,75,2.06,CA,1732395920
106,cockburn town,21.4612,-71.1419,25.98,89,75,5.14,TC,1732395921
107,ushuaia,-54.8,-68.3,8.81,57,75,4.12,AR,1732395817
108,nuuk,64.1835,-51.7216,-5.66,53,7,2.06,GL,1732395924
109,inongo,-1.95,18.2667,20.91,94,39,1.51,CD,1732395925
110,puerto ayora,-0.7393,-90.3518,24.19,81,17,3.58,EC,1732395926
111,ilha de mocambique,-15.0342,40.7358,27.17,82,17,3.63,MZ,1732395927
112,paphos,34.7667,32.4167,19.57,88,100,2.06,CY,1732395928
113,bardai,11.65,7.2333,19.3,23,0,3.94,NG,1732395929
114,korla,41.7597,86.1469,0.39,63,46,1.96,CN,1732395930
115,margaret river,-33.95,115.0667,11.13,81,1,4.05,AU,1732395932
116,petropavlovsk-kamchatsky,53.0452,158.6483,-7.67,79,0,0.0,RU,1732395933
117,konarka,19.9,86.1167,19.91,69,18,3.08,IN,1732395934
118,qui nhon,13.7667,109.2333,24.07,93,100,5.02,VN,1732395935
119,hawaiian paradise park,19.5933,-154.9731,26.04,81,100,4.63,US,1732395936
120,lesnoy,57.6198,63.0784,-0.72,77,100,4.14,RU,1732395937
121,williamson,30.6502,-97.6003,25.45,42,0,5.14,US,1732395938
122,nanchang,28.6833,115.8833,13.22,80,43,2.99,CN,1732395939
123,mejit,10.2753,170.8646,27.33,81,100,8.05,MH,1732395941
124,praia da vitoria,38.7333,-27.0667,18.14,82,75,12.07,PT,1732395942
125,haiku-pauwela,20.9219,-156.3051,26.01,72,40,4.47,US,1732395943
126,nikolayevsk-on-amure,53.1406,140.73,-4.97,95,100,1.98,RU,1732395944
127,holualoa,19.6228,-155.9522,24.9,77,0,3.6,US,1732395945
128,khandyga,62.6667,135.6,-28.98,96,11,1.22,RU,1732395946
129,yantzaza,-3.8278,-78.7594,25.47,83,94,0.98,EC,1732395947
130,kochenevo,55.0218,82.202,-6.34,94,100,3.36,RU,1732395949
131,hadibu,12.65,54.0333,25.21,74,94,2.99,YE,1732395950
132,sao joao dos inhamuns,-6.0,-40.2833,34.52,21,56,3.27,BR,1732395951
133,ancud,-41.8697,-73.8203,13.73,78,75,2.64,CL,1732395952
134,san francisco telixtlahuaca,17.3,-96.9,21.32,31,6,3.27,MX,1732395953
135,tanumah,27.1,44.1333,19.41,40,77,4.43,SA,1732395954
136,asekeyevo,53.5742,52.7972,1.69,54,94,7.77,RU,1732395955
137,olonkinbyen,70.9221,-8.7187,-3.82,59,46,7.65,SJ,1732395957
138,touros,-5.1989,-35.4608,25.57,75,94,4.01,BR,1732395958
139,san antonio de pale,-1.4014,5.6325,26.17,83,78,4.86,GQ,1732395959
140,st. john's,47.5649,-52.7093,6.75,94,100,10.29,CA,1732395832
141,kuhmo,64.1333,29.5167,-4.72,83,100,4.74,FI,1732395962
142,thanh hoa,19.8,105.7667,20.23,87,94,1.56,VN,1732395963
143,voru,57.8339,27.0194,-0.56,76,88,3.66,EE,1732395964
144,invercargill,-46.4,168.35,12.79,72,85,2.24,NZ,1732395737
145,stanley,54.868,-1.6985,9.73,97,40,2.57,GB,1732395966
146,vilyuchinsk,52.9306,158.4028,-6.85,76,100,1.09,RU,1732395967
147,vorgashor,67.5833,63.95,-7.97,87,100,4.76,RU,1732395969
148,cuamba,-14.8031,36.5372,22.79,75,10,1.44,MZ,1732395733
149,kastellaun,50.0667,7.45,6.32,56,100,6.17,DE,1732395971
150,fernley,39.608,-119.2518,11.43,28,13,4.92,US,1732395972
151,aasiaat,68.7098,-52.8699,-14.85,70,71,2.09,GL,1732395793
152,keflavik,64.0049,-22.5624,-1.76,64,0,6.69,IS,1732395975
153,hermanus,-34.4187,19.2345,17.67,85,62,2.68,ZA,1732395976
154,enewetak,11.3474,162.3373,28.39,78,80,7.84,MH,1732395977
155,codrington,-38.2667,141.9667,16.25,93,100,3.4,AU,1732395979
156,shemgang,27.2169,90.6579,9.02,94,80,1.55,BT,1732395980
157,papao,-17.75,-149.55,28.82,80,42,7.63,PF,1732395981
158,turinsk,58.0458,63.696,-0.8,81,100,3.25,RU,1732395982
159,xifeng,42.7372,124.7222,-2.18,38,85,1.55,CN,1732395983
160,igarka,67.4667,86.5833,-13.39,95,100,7.75,RU,1732395988
161,east ballina,-28.8667,153.5833,21.26,69,78,0.59,AU,1732395989
162,georgetown,5.4112,100.3354,26.96,89,40,1.54,MY,1732395990
163,nalut,30.3333,10.85,15.81,48,2,5.18,LY,1732395734
164,lianshan,40.7643,120.8533,3.46,84,19,3.33,CN,1732395992
165,urzhar,47.093,81.6294,-6.69,76,14,2.65,KZ,1732395993
166,talnakh,69.4865,88.3972,-13.42,93,100,6.14,RU,1732395994
167,makhambet,47.6667,51.5833,3.64,70,0,9.11,KZ,1732395996
168,kerikeri,-35.2268,173.9474,17.54,58,2,1.15,NZ,1732395997
169,lodeynoye pole,60.726,33.5531,-4.8,93,15,2.29,RU,1732395998
170,guerrero negro,27.9769,-114.0611,19.19,62,96,7.02,MX,1732395999
171,ponta delgada,37.7333,-25.6667,18.44,82,20,3.09,PT,1732396000
172,antsiranana,-12.2787,49.2917,23.89,91,6,2.6,MG,1732396001
173,weno,7.4515,151.8468,29.07,78,100,10.68,FM,1732396002
174,puerto baquerizo moreno,-0.9,-89.6,26.55,57,20,6.17,EC,1732396003
175,manokwari,-0.8667,134.0833,26.57,74,41,1.39,ID,1732396004
176,bredasdorp,-34.5322,20.0403,16.89,94,13,1.41,ZA,1732396006
177,castillos,-34.1667,-53.8333,20.59,72,23,5.26,UY,1732396007
178,tuy hoa,13.0833,109.3,23.59,96,99,1.38,VN,1732396008
179,college,64.8569,-147.8028,-10.31,86,75,1.54,US,1732396009
180,burayevo,55.8407,55.4083,0.51,69,100,8.83,RU,1732396010
181,okhotsk,59.3833,143.3,-17.49,61,0,5.47,RU,1732396011
182,bulgan,48.8125,103.5347,-11.54,84,100,4.75,MN,1732396012
183,bel ombre,-4.6167,55.4167,27.02,75,97,3.5,SC,1732396013
184,prince rupert,54.3161,-130.3201,0.61,70,100,4.03,CA,1732396015
185,tofol,5.3248,163.0078,28.35,72,100,6.72,FM,1732396016
186,san luis de la loma,17.2706,-100.8939,28.31,72,93,2.3,MX,1732396017
187,richards bay,-28.783,32.0377,22.68,93,100,2.07,ZA,1732396018
188,tanout,14.9709,8.8879,23.2,18,1,4.86,NE,1732396020
189,kisangani,0.5167,25.2,21.5,89,67,0.52,CD,1732396021
190,vilyuysk,63.7553,121.6247,-15.49,98,100,1.96,RU,1732396022
191,minot air force base,48.4209,-101.3391,-7.9,79,100,4.12,US,1732395901
192,bhabhua,25.05,83.6167,15.48,41,0,1.7,IN,1732396024
193,hobyo,5.3505,48.5268,26.39,80,11,5.97,SO,1732396025
194,katabu,-4.9333,122.5167,24.6,93,100,1.13,ID,1732396026
195,porto franco,-6.3383,-47.3992,33.67,29,23,1.25,BR,1732396027
196,sawakin,19.1059,37.3321,27.33,67,97,3.67,SD,1732396028
197,san blas,21.5167,-105.2667,26.71,68,2,2.72,MX,1732396030
198,yuzhno-kurilsk,44.0306,145.8556,1.37,60,98,12.29,RU,1732396031
199,santa cruz,-17.8,-63.1667,28.7,74,75,3.09,BO,1732395883
200,shirvan,39.9509,48.8994,12.4,95,100,0.99,AZ,1732396033
201,mramani,-12.3464,44.5286,25.73,83,0,2.0,KM,1732396034
202,kangding,30.0513,101.9603,2.1,90,28,1.39,CN,1732396035
203,kuta,-8.7233,115.1723,27.97,94,20,1.03,ID,1732396036
204,kegeyli shahar,42.7767,59.6078,2.36,57,0,4.92,UZ,1732396037
205,berdigestyakh,62.0989,126.6992,-14.97,97,100,0.47,RU,1732396039
206,moultonborough,43.7548,-71.3967,5.9,75,100,9.39,US,1732396040
207,labrador city,52.9463,-66.9114,-3.79,86,100,3.58,CA,1732396041
208,siwa oasis,29.2041,25.5195,19.97,42,0,4.5,EG,1732396042
209,lakatoro,-16.0999,167.4164,27.7,80,42,4.31,VU,1732396043
210,el bauga,18.262,33.9081,22.93,23,0,5.24,SD,1732396044
211,nouadhibou,20.931,-17.0347,20.99,88,0,4.12,MR,1732396045
212,laguna,38.421,-121.4238,13.98,90,100,3.6,US,1732396046
213,rongelap,11.1635,166.8941,28.24,79,75,8.37,MH,1732396048
214,gordes,38.9328,28.2894,-0.18,79,61,7.98,TR,1732396049
215,woodfin,35.6334,-82.5821,11.08,67,92,1.34,US,1732396050
216,roccella ionica,38.322,16.4009,11.94,50,0,3.58,IT,1732396051
217,mo i rana,66.3128,14.1428,1.29,92,95,4.12,NO,1732396052
218,al kharijah,25.4514,30.5464,19.17,38,5,3.52,EG,1732396053
219,hithadhoo,-0.6,73.0833,27.81,77,100,6.61,MV,1732396054
220,vorkuta,67.5,64.0,-8.34,87,100,4.06,RU,1732396056
221,trairi,-3.2778,-39.2689,26.12,75,12,4.18,BR,1732396011
222,sisimiut,66.9395,-53.6735,-7.05,67,74,5.18,GL,1732396058
223,vila do maio,15.1333,-23.2167,26.12,67,68,4.9,CV,1732396059
224,kayangel,8.0823,134.7173,28.53,79,100,10.35,PW,1732396060
225,vernio,44.0476,11.1505,5.93,59,100,1.79,IT,1732396061
226,kenai,60.5544,-151.2583,-2.7,90,0,2.57,US,1732396062
227,aykhal,66.0,111.5,-24.38,96,98,2.6,RU,1732396063
228,pacific grove,36.6177,-121.9166,16.9,85,0,3.09,US,1732396065
229,danilovka,50.3557,44.1168,6.7,76,100,9.95,RU,1732396066
230,alofi,-19.0595,-169.9187,27.94,65,40,6.17,NU,1732396067
231,narvik,68.4384,17.4272,2.43,99,100,5.28,NO,1732396068
232,port elizabeth,-33.918,25.5701,17.4,95,94,0.89,ZA,1732396069
233,bridgewater,44.3835,-64.5155,7.6,92,100,0.89,CA,1732396070
234,namdrik,5.5994,168.1028,27.64,73,95,1.99,MH,1732396071
235,biasca,46.3597,8.9697,-0.67,83,79,1.31,CH,1732396073
236,akjoujt,19.6969,-14.4164,27.12,11,0,3.52,MR,1732396075
237,bafra,41.5678,35.9069,5.47,94,100,5.52,TR,1732396076
238,grand falls-windsor,48.9332,-55.6649,6.39,89,100,4.47,CA,1732396077
239,lichinga,-13.3128,35.2406,19.38,72,2,2.63,MZ,1732396078
240,usinsk,65.9939,57.5281,-2.78,87,100,9.79,RU,1732396079
241,kirakira,-10.4544,161.9205,28.4,73,79,1.03,SB,1732396080
242,keren,15.7778,38.4581,20.83,76,0,3.23,ER,1732396081
243,campos dos goytacazes,-21.75,-41.3,19.03,88,75,2.57,BR,1732395844
244,ridgecrest,35.6225,-117.6709,22.92,31,0,9.26,US,1732396083
245,bairnsdale,-37.8333,147.6167,21.14,72,100,1.37,AU,1732396085
246,jasim,32.9923,36.0602,16.0,45,82,2.22,SY,1732396086
247,semporna,4.4818,118.6112,25.79,88,100,1.5,MY,1732396088
248,lupane,-18.9315,27.807,24.05,48,83,4.65,ZW,1732396089
249,egilsstadir,65.2653,-14.3948,-3.05,74,100,6.17,IS,1732396092
250,rio grande,-32.035,-52.0986,20.71,79,9,8.91,BR,1732396017
251,usogorsk,63.4106,48.6872,-0.92,97,100,3.42,RU,1732399824
252,quincy,42.2529,-71.0023,8.33,74,75,11.32,US,1732399646
253,dong ha,16.8163,107.1003,22.92,91,100,2.99,VN,1732399638
254,ellenabad,29.45,74.65,19.34,29,2,2.04,IN,1732399828
255,vila franca do campo,37.7167,-25.4333,18.27,99,44,3.43,PT,1732399830
256,luderitz,-26.6481,15.1594,15.63,79,0,4.01,NA,1732399831
257,novokhopersk,51.0969,41.6252,8.78,89,100,7.17,RU,1732399832
258,goldenstedt,52.7883,8.432,6.08,91,100,10.39,DE,1732399833
259,vega de alatorre,20.0333,-96.6333,24.64,61,14,4.91,MX,1732399834
260,yebaishou,41.3975,119.6408,-0.06,91,9,1.38,CN,1732399835
261,tommot,58.9564,126.2925,-14.03,95,100,0.68,RU,1732399837
262,tazovsky,67.4667,78.7,-10.03,94,20,4.4,RU,1732399838
263,whitehorse,60.7161,-135.0538,-17.21,84,40,0.0,CA,1732399839
264,lompoc,34.6391,-120.4579,18.72,77,40,5.66,US,1732399840
265,kalifornsky,60.4183,-151.29,-5.83,100,0,2.57,US,1732399842
266,koesan,36.8108,127.7947,2.77,88,5,1.26,KR,1732399844
267,irati,-25.4672,-50.6511,18.55,79,20,3.11,BR,1732399846
268,roma,43.2128,-75.4557,6.49,81,100,5.66,US,1732399792
269,nemuro,43.3236,145.575,0.06,74,71,9.19,JP,1732399849
270,gorontalo,0.5412,123.0595,23.75,96,100,1.21,ID,1732399851
271,grantsville,40.5999,-112.4644,17.38,18,0,7.72,US,1732399852
272,talcahuano,-36.7167,-73.1167,18.82,63,0,4.12,CL,1732399653
273,puerto aysen,-45.4,-72.7,13.18,73,83,2.29,CL,1732399854
274,altai,46.3722,96.2583,-17.21,71,68,0.48,MN,1732399855
275,aripuana,-9.1667,-60.6333,24.83,86,98,1.46,BR,1732399857
276,margate,51.3813,1.3862,13.16,86,100,2.68,GB,1732399858
277,bandarbeyla,9.4942,50.8122,25.77,76,77,7.59,SO,1732399859
278,saint-louis,16.3333,-15.0,29.86,12,18,3.45,SN,1732399860
279,karapinar,37.716,33.5506,2.11,92,88,10.32,TR,1732399861
280,inhambane,-23.865,35.3833,24.91,89,69,3.39,MZ,1732399862
281,el granada,37.5027,-122.4694,16.0,80,0,5.66,US,1732399863
282,vilalba,43.3,-7.6833,16.48,63,100,4.92,ES,1732399864
283,khanpur mahar,27.8436,69.4137,21.0,45,86,1.21,PK,1732399866
284,tabuk,17.4189,121.4443,21.5,96,39,1.39,PH,1732399867
285,fort bragg,35.139,-79.006,13.91,52,0,3.09,US,1732399868
286,fort irwin,35.2627,-116.6848,20.74,46,75,8.75,US,1732399632
287,canutama,-6.5339,-64.3831,27.85,76,95,1.74,BR,1732399870
288,tromso,69.6496,18.957,3.01,70,75,5.66,NO,1732399872
289,golere,16.2557,-14.1017,29.66,11,30,3.54,SN,1732399874
290,sept-iles,50.2001,-66.3821,3.36,79,100,4.63,CA,1732399875
291,terrace,54.5163,-128.6035,-1.95,65,100,2.07,CA,1732399876
292,naze,28.3667,129.4833,17.85,57,100,3.88,JP,1732399877
293,dwarka,22.2394,68.9678,24.7,56,1,2.85,IN,1732399878
294,ambon,-3.6954,128.1814,30.13,100,82,0.36,ID,1732399707
295,sandnessjoen,66.0217,12.6316,4.84,58,100,11.3,NO,1732399881
296,nadym,65.5333,72.5167,-5.4,89,100,5.31,RU,1732399882
297,calp,38.6447,0.0445,17.04,99,29,1.8,ES,1732399883
298,saipan,15.1355,145.701,29.39,82,40,6.69,MP,1732399639
299,luwingu,-10.2621,29.9271,19.61,83,55,1.09,ZM,1732399885
300,chimbote,-9.0853,-78.5783,20.12,80,100,4.23,PE,1732399716
301,escanaba,45.7453,-87.0646,3.98,65,100,2.06,US,1732399887
302,walvis bay,-22.9575,14.5053,15.05,89,3,3.84,NA,1732399888
303,ocean city,39.2776,-74.5746,9.45,63,8,3.58,US,1732399614
304,lake city,30.1897,-82.6393,17.03,36,0,3.6,US,1732399889
305,les avirons,-21.2418,55.3394,23.05,83,13,2.06,RE,1732399892
306,calvinia,-31.4707,19.776,18.44,39,1,0.54,ZA,1732399893
307,la ronge,55.1001,-105.2842,-11.88,85,100,6.69,CA,1732399738
308,amayuca,18.7,-98.7667,24.45,25,0,1.41,MX,1732399895
309,kouroussa,10.65,-9.8833,23.35,27,50,1.22,GN,1732399896
310,inga,-7.2808,-35.6044,24.64,71,14,4.29,BR,1732399897
311,ciudad miguel aleman,26.35,-99.1,28.12,35,0,6.98,MX,1732399899
312,chibougamau,49.9168,-74.3659,0.79,93,100,0.0,CA,1732399900
313,dudinka,69.4058,86.1778,-13.11,94,100,10.14,RU,1732399901
314,sinop,41.7711,34.8709,1.42,99,100,2.64,TR,1732399902
315,dawei,14.0833,98.2,24.15,81,100,3.92,MM,1732399903
316,sechura,-5.5569,-80.8222,23.52,62,99,8.34,PE,1732399904
317,newman,37.3138,-121.0208,18.36,63,98,1.34,US,1732399905
318,barrouallie,13.2333,-61.2667,25.78,79,68,5.28,VC,1732399906
319,san patricio,28.017,-97.5169,26.97,48,0,6.31,US,1732399908
320,caburan,5.9181,125.6411,25.06,83,94,5.7,PH,1732399911
321,poronaysk,49.2167,143.1167,-3.57,65,100,6.13,RU,1732399912
322,smirnykh,49.75,142.8333,-5.1,75,98,4.75,RU,1732399913
323,belyy yar,53.6039,91.3903,-15.06,85,0,0.0,RU,1732399914
324,san dionisio ocotepec,16.8,-96.4,21.0,28,12,2.36,MX,1732399915
325,quellon,-43.1167,-73.6167,11.18,89,99,0.6,CL,1732399916
326,port alfred,-33.5906,26.891,18.99,93,79,1.99,ZA,1732399917
327,kilindoni,-7.9139,39.6668,27.08,79,0,5.56,TZ,1732399919
328,narsingdi,23.9208,90.7181,18.45,79,0,1.89,BD,1732399920
329,diphu,25.8333,93.4333,14.09,94,3,0.57,IN,1732399921
330,westport,41.1415,-73.3579,9.04,62,0,5.36,US,1732399694
331,siloam springs,36.1881,-94.5405,18.3,60,66,4.96,US,1732399834
332,port lincoln,-34.7333,135.8667,17.52,84,100,3.29,AU,1732399925
333,al hudaydah,14.7978,42.9545,27.3,75,56,6.56,YE,1732399762
334,bathsheba,13.2167,-59.5167,27.34,89,40,4.12,BB,1732399928
335,changleng,28.7,115.8167,13.02,81,54,2.51,CN,1732399929
336,dobryanka,58.4619,56.4165,1.98,76,100,5.94,RU,1732399930
337,sydney mines,46.2367,-60.2177,9.32,93,75,7.2,CA,1732399931
338,grande prairie,55.1667,-118.8027,-14.9,78,100,3.6,CA,1732399932
339,moose jaw,50.4001,-105.5344,-11.86,92,100,6.69,CA,1732399933
340,strezhevoy,60.7333,77.5889,-5.72,97,100,2.27,RU,1732399934
341,millau,44.0833,2.9167,6.18,96,95,3.89,FR,1732399935
342,turgen,43.4006,77.5933,-0.89,63,0,3.86,KZ,1732399936
343,ouani,-12.1322,44.4258,26.78,79,0,3.4,KM,1732399939
344,olinda,-8.0089,-34.8553,26.85,78,40,5.14,BR,1732399892
345,malvan,16.0667,73.4667,22.83,70,61,3.35,IN,1732399836
346,lincoln,40.8,-96.667,15.95,48,0,3.6,US,1732399684
347,isla vista,34.4133,-119.861,16.57,88,100,4.63,US,1732399944
348,harsin,34.2721,47.5861,7.46,40,2,1.51,IR,1732399946
349,horta,38.5333,-28.6333,15.57,86,90,8.05,PT,1732399948
350,tazacorte,28.629,-17.9293,20.54,86,0,2.24,ES,1732399949
351,martaban,16.5314,97.6111,23.08,85,5,2.65,MM,1732399973
352,guarapari,-20.6667,-40.4975,21.04,81,100,3.79,BR,1732399974
353,acarau,-2.8856,-40.12,26.29,77,8,6.32,BR,1732399977
354,bontang,0.1333,117.5,25.59,87,100,2.07,ID,1732399800
355,zeya,53.75,127.2667,-10.64,95,100,0.62,RU,1732399979
356,valparaiso,-33.0393,-71.6273,24.8,43,0,10.29,CL,1732399859
357,myeik,12.4333,98.6,25.11,83,22,2.28,MM,1732399983
358,portland,45.5234,-122.6762,10.35,86,75,3.09,US,1732399870
359,hamilton,39.1834,-84.5333,6.69,85,100,3.09,US,1732399703
360,bonthe,7.5264,-12.505,26.74,81,8,2.39,SL,1732399995
361,hailar,49.2,119.7,-11.63,96,13,1.0,CN,1732399996
362,coronel suarez,-37.4547,-61.9334,28.11,35,7,6.78,AR,1732399997
363,necochea,-38.5473,-58.7368,24.27,55,92,3.46,AR,1732399700
364,sanctuary point,-35.1114,150.629,25.39,49,50,3.3,AU,1732400000
365,brookings,44.3114,-96.7984,1.77,82,0,6.17,US,1732400008
366,sanga-sanga,5.0725,119.7853,27.32,81,96,2.37,PH,1732400013
367,dampit,-8.2116,112.7493,22.38,93,68,1.04,ID,1732400014
368,sadovoye,47.7764,44.5089,6.78,83,100,7.83,RU,1732400015
369,badger,64.8,-147.5333,-9.8,86,20,2.57,US,1732400018
370,zhezqazghan,47.7833,67.7667,-2.55,70,1,6.56,KZ,1732400021
371,moss,59.434,10.6577,-1.91,86,40,1.54,NO,1732400026
372,al wajh,26.2455,36.4525,23.97,60,0,2.06,SA,1732400055
373,rancho palos verdes,33.7445,-118.387,15.89,92,100,2.06,US,1732399777
374,sabang,5.8933,95.3214,27.14,82,100,6.62,ID,1732400061
375,sorong,-0.8833,131.25,26.89,83,100,3.55,ID,1732399516
376,bulawayo,-20.15,28.5833,19.91,68,100,4.03,ZW,1732399801
377,zouerate,22.7187,-12.4521,26.26,17,27,4.17,MR,1732400072
378,lihue,21.9789,-159.3672,26.52,65,0,3.6,US,1732400073
379,oranjemund,-28.55,16.4333,14.84,90,0,3.47,NA,1732400074
380,bamiantong,44.9333,130.5333,-6.2,46,100,1.24,CN,1732400076
381,palikir - national government center,6.9248,158.1611,25.41,94,100,0.0,FM,1732400077
382,namtsy,62.7161,129.6658,-24.31,97,80,1.15,RU,1732400078
383,yinchuan,38.4681,106.2731,4.23,70,94,2.28,CN,1732400079
384,kilju,40.9642,129.3278,-1.61,44,4,1.78,KP,1732400081
385,babana,10.4295,3.815,23.18,20,57,2.26,NG,1732400083
386,nyurba,63.2842,118.3319,-16.31,94,100,4.12,RU,1732400085
387,marshfield,44.6689,-90.1718,3.97,70,100,2.57,US,1732400086
388,kruisfontein,-34.0033,24.7314,15.8,84,100,1.61,ZA,1732400087
389,faya-largeau,17.9257,19.1043,22.61,17,4,7.13,TD,1732400089
390,zyryanskoye,56.8306,86.6258,-7.66,91,100,4.98,RU,1732400090
391,flying fish cove,-10.4217,105.6791,27.15,79,100,0.77,CX,1732400091
392,cabo san lucas,22.8909,-109.9124,28.17,47,0,5.14,MX,1732399802
393,kailua-kona,19.6406,-155.9956,28.09,74,100,3.6,US,1732400093
394,kimberley,-28.7323,24.7623,18.83,37,0,0.51,ZA,1732400095
395,salumbar,24.1333,74.05,16.05,39,0,2.07,IN,1732400096
396,hovd,48.0056,91.6419,-11.42,69,95,3.16,MN,1732400097
397,karasburg,-28.0167,18.75,24.96,12,0,2.09,NA,1732400098
398,ust-nera,64.5667,143.2,-32.31,98,71,2.18,RU,1732400100
399,daru,-9.0763,143.2092,27.78,84,21,6.57,PG,1732400102
400,rouyn-noranda,48.2398,-79.0288,0.05,100,100,3.6,CA,1732399875
401,ulsteinvik,62.3432,5.8487,2.09,79,100,1.79,NO,1732400104
402,lulea,65.5842,22.1547,-2.96,80,74,4.63,SE,1732400106
403,kirchbichl,47.5094,12.1042,-0.29,92,80,2.74,AT,1732400107
404,puerto tirol,-27.3722,-59.0821,31.72,45,0,3.09,AR,1732400108
405,olyokminsk,60.3736,120.4264,-11.92,82,100,5.4,RU,1732400109
406,gebeit,21.0667,36.3167,20.02,58,0,1.66,SD,1732400111
407,rumbek,6.802,29.6912,27.41,39,76,0.74,SS,1732400113
408,tindouf,27.6711,-8.1474,23.25,25,20,3.09,DZ,1732400114
409,ketchikan,55.3422,-131.6461,3.26,41,40,4.63,US,1732400115
410,grinnell,41.743,-92.7224,8.99,61,0,0.0,US,1732400116
411,wajir,1.7471,40.0573,25.66,80,100,3.72,KE,1732400117
412,chonchi,-42.6128,-73.8092,11.73,91,100,0.48,CL,1732400119
413,taltal,-25.4,-70.4833,19.04,70,29,3.36,CL,1732400121
414,dadukou,26.5479,101.7054,9.82,90,1,0.72,CN,1732400122
415,dompu,-8.5356,118.4622,25.57,92,74,0.77,ID,1732400123
416,pimentel,-6.8367,-79.9342,23.16,64,0,8.23,PE,1732400124
417,tagiura,32.8817,13.3506,19.09,60,17,5.08,LY,1732400125
418,ufa,54.775,56.0375,-0.35,62,92,6.37,RU,1732400126
419,dawson creek,55.7666,-120.2362,-16.2,78,100,5.66,CA,1732399963
420,fremantle,-32.05,115.7667,20.51,57,0,3.6,AU,1732400129
421,lensk,60.7253,114.9278,-25.52,97,100,1.67,RU,1732400130
422,shimoda,34.6667,138.95,11.1,75,100,4.9,JP,1732400132
423,turpan,42.9333,89.1667,1.63,62,22,1.1,CN,1732400133
424,jincheng,35.5022,112.8328,4.27,81,90,0.99,CN,1732400134
425,yarega,63.4354,53.5765,-0.73,97,100,4.92,RU,1732400136
426,kavaratti,10.5669,72.642,28.17,69,77,6.58,IN,1732400137
427,mana,5.6592,-53.7767,26.74,85,95,4.3,GF,1732400138
428,shiloh,38.5614,-89.8973,10.6,63,0,3.09,US,1732400139
429,namibe,-15.1961,12.1522,23.97,78,80,1.61,AO,1732400140
430,gunjur,13.2019,-16.7339,25.04,88,0,2.57,GM,1732400141
431,severo-yeniseyskiy,60.3725,93.0408,-16.91,97,100,1.62,RU,1732400142
432,oriximina,-1.7656,-55.8661,31.49,43,8,1.87,BR,1732400144
433,koryazhma,61.3143,47.1691,1.83,99,100,1.36,RU,1732400145
434,harper,4.375,-7.7169,26.15,86,24,2.88,LR,1732400146
435,thunder bay,48.4001,-89.3168,-1.01,64,100,4.63,CA,1732400147
436,arraial do cabo,-22.9661,-42.0278,20.82,79,87,2.68,BR,1732399887
437,bengkulu,-3.8004,102.2655,24.24,89,100,3.17,ID,1732400149
438,troitskoye,52.9821,84.6757,-9.91,96,93,3.45,RU,1732400151
439,tatarsk,55.219,75.9828,-7.75,87,100,3.45,RU,1732400152
440,copala,16.65,-98.9833,27.42,75,64,3.57,MX,1732400153
441,howard springs,-12.497,131.047,26.95,96,56,0.89,AU,1732400154
442,st ives,50.2086,-5.4875,14.47,91,100,17.58,GB,1732400155
443,cruzeiro do sul,-29.5128,-51.9853,25.83,73,79,2.85,BR,1732400156
444,crane,31.3974,-102.3501,24.73,20,0,4.16,US,1732400158
445,lepsy,46.235,78.9456,-2.98,55,0,6.91,KZ,1732400159
446,itoman,26.1247,127.6694,20.01,64,75,4.12,JP,1732400160
447,kulhudhuffushi,6.6221,73.07,27.02,78,100,1.94,MV,1732400161
448,carnarvon,-24.8667,113.6333,23.1,78,29,8.25,AU,1732400162
449,bandon,51.7469,-8.7425,13.77,93,100,15.25,IE,1732400163
450,tarko-sale,64.9225,77.785,-7.59,91,100,4.72,RU,1732400164
451,cannonvale,-20.2833,148.7,26.66,70,4,7.64,AU,1732400165
452,zhangye,38.9342,100.4517,-4.77,89,100,6.67,CN,1732400167
453,colonia,50.9333,6.95,8.4,68,0,4.63,DE,1732400160
454,sao gabriel da cachoeira,-0.1303,-67.0892,27.93,73,81,0.26,BR,1732400169
455,guatire,10.4762,-66.5427,24.05,99,99,1.05,VE,1732400170
456,salalah,17.0151,54.0924,24.05,64,0,2.06,OM,1732400171
457,prado,-17.3411,-39.2208,22.56,93,100,6.14,BR,1732400172
458,murghob,38.1702,73.9667,-13.59,83,96,1.29,TJ,1732400173
459,mount pleasant,32.7941,-79.8626,15.55,65,0,0.0,US,1732400174
460,callao,-12.0667,-77.15,23.73,78,100,4.63,PE,1732400175
461,pinsk,52.1229,26.0951,0.48,75,93,6.55,BY,1732400177
462,yelenendorf,40.5869,46.3158,3.73,100,100,2.06,AZ,1732400178
463,fort mcmurray,56.7268,-111.381,-13.23,85,100,2.06,CA,1732400074
464,jaru,-10.4389,-62.4664,23.8,96,100,1.54,BR,1732400104
465,alaghsas,17.0187,8.0168,22.51,18,3,5.32,NE,1732400182
466,alesund,62.4723,6.1549,2.09,86,20,5.66,NO,1732400183
467,girard,41.154,-80.7015,6.74,85,100,5.14,US,1732400184
468,hammerfest,70.6634,23.6821,3.25,81,40,2.57,NO,1732400186
469,vel'sk,61.0701,42.0983,-0.66,98,100,0.94,RU,1732400187
470,masjed soleyman,31.9364,49.3039,18.6,32,0,0.67,IR,1732400188
471,kingston,17.997,-76.7936,27.53,83,75,4.63,JM,1732399990
472,mudgal,16.0167,76.4333,18.88,57,99,3.17,IN,1732400190
473,balkanabat,39.5108,54.3671,12.92,52,73,7.5,TM,1732400191
474,kovdor,67.5662,30.4758,-4.5,86,99,7.39,RU,1732400192
475,nabire,-3.3667,135.4833,25.03,94,98,1.46,ID,1732400194
476,sovetskaya gavan',48.9723,140.2878,-5.4,55,8,7.04,RU,1732400195
477,lavras,-21.2453,-44.9997,18.52,89,61,5.06,BR,1732400173
478,tynda,55.1667,124.7167,-13.59,97,100,0.61,RU,1732400199
479,anatuya,-28.4606,-62.8347,30.57,48,40,4.81,AR,1732400202
480,stephenville,32.2207,-98.2023,24.52,35,0,6.17,US,1732400044
481,ostersund,63.1792,14.6357,-0.75,83,21,8.23,SE,1732400207
482,saint-francois,46.4154,3.9054,10.69,62,0,6.69,FR,1732400209
483,rawah,34.4816,41.9093,16.07,55,24,1.72,IQ,1732400210
484,jasper,37.2001,-94.3502,18.03,34,0,5.14,US,1732400211
485,noumea,-22.2763,166.4572,26.67,99,100,5.18,NC,1732400053
486,jiuquan,39.7432,98.5174,-3.71,65,100,5.98,CN,1732400213
487,yen vinh,18.6667,105.6667,20.32,88,99,2.25,VN,1732400214
488,guanare,9.0418,-69.7421,25.12,88,65,1.25,VE,1732400117
489,mili,6.0815,171.735,28.1,75,75,2.0,MH,1732400217
490,uturoa,-16.7333,-151.4333,27.05,80,98,5.67,PF,1732400218
491,debre werk',10.6667,38.1667,14.1,64,93,1.1,ET,1732400220
492,fuglafjordur,62.244,-6.814,4.97,68,100,16.33,FO,1732400223
493,port blair,11.6667,92.75,27.73,78,97,6.91,IN,1732400225
494,fortuna,40.5982,-124.1573,12.18,94,75,1.54,US,1732400226
495,hilo,19.7297,-155.09,25.85,84,0,4.63,US,1732400228
496,nizhneudinsk,54.9076,99.0276,-12.31,45,86,3.5,RU,1732400063
497,cholpon-ata,42.6494,77.0823,2.15,67,42,1.06,KG,1732400231
498,vernon,50.2581,-119.2691,5.74,81,77,0.89,CA,1732400122
499,fale old settlement,-9.3852,-171.2468,28.52,74,82,8.88,TK,1732400233
500,iernut,46.45,24.25,-3.89,94,10,1.62,RO,1732400234
501,yaren,-0.5472,166.916,27.93,73,100,4.76,NR,1732400235
502,sao desiderio,-12.3633,-44.9733,22.04,89,87,1.59,BR,1732400236
503,nkongsamba,4.9547,9.9404,19.7,91,14,0.96,CM,1732400238
504,sitka,57.0531,-135.33,2.94,30,0,2.06,US,1732400239
505,porto,41.1496,-8.611,20.73,49,0,11.32,PT,1732399946
506,sao joao da barra,-21.6403,-41.0511,19.05,73,100,3.13,BR,1732400241
507,micheweni,-4.9667,39.8333,26.8,85,82,3.93,TZ,1732400242
508,sadjoavato,-12.6334,49.349,22.0,96,14,0.78,MG,1732400243
509,san julian,21.0167,-102.1667,23.66,13,0,2.07,MX,1732400244
510,san luis,-33.295,-66.3356,29.95,35,31,6.3,AR,1732400246
511,hami,42.8,93.45,-3.0,49,63,1.93,CN,1732400247
512,chato,-2.6378,31.7669,18.58,90,88,1.28,TZ,1732400028
513,salym,60.0625,71.4789,-3.58,97,99,2.5,RU,1732400249
514,gasa,31.5,34.4667,20.11,69,77,2.04,PS,1732400251
515,bhag,29.0415,67.8239,22.12,23,47,3.91,PK,1732400252
516,manzano,45.9917,13.3839,3.48,82,40,1.54,IT,1732400253
517,vrontados,38.4089,26.1328,7.62,53,34,11.37,GR,1732400254
518,val-d'or,48.1002,-77.7828,1.05,93,100,4.12,CA,1732400255
519,meulaboh,4.1363,96.1285,24.77,94,100,3.47,ID,1732400257
520,gwadar,25.1216,62.3254,25.06,71,10,4.08,PK,1732400258
521,yuxia,34.0615,108.6291,7.99,85,100,1.0,CN,1732400259
522,karukh,34.4811,62.5863,7.19,72,0,2.22,AF,1732400260
523,el nido,11.1858,119.3956,26.75,87,77,0.45,PH,1732400261
524,barra de santo antonio,-9.4047,-35.5072,25.4,81,87,8.26,BR,1732400262
525,cobija,-11.0267,-68.7692,25.79,87,99,1.12,BO,1732400264
526,pallisa,1.145,33.7094,18.64,96,49,1.24,UG,1732400265
527,kasempa,-13.4584,25.8338,20.04,72,80,0.57,ZM,1732400266
528,apac,1.9756,32.5386,18.18,96,97,1.45,UG,1732400267
529,labytnangi,66.6572,66.4183,-12.74,98,100,1.87,RU,1732400268
530,mora,11.0461,14.1401,20.73,29,2,1.83,CM,1732400269
531,fereydun kenar,36.6864,52.5225,15.44,64,87,1.41,IR,1732400271
532,tokamachi,37.1333,138.7667,4.84,98,100,0.65,JP,1732400272
533,selkirk,50.1436,-96.8845,-3.87,65,33,1.09,CA,1732400095
534,palu,-0.8917,119.8707,24.93,97,100,1.12,ID,1732399709
535,new norfolk,-42.7826,147.0587,14.4,68,64,1.43,AU,1732400275
536,arilje,43.7531,20.0956,-5.73,91,8,2.16,RS,1732400276
537,arkhara,49.4212,130.0842,-7.76,66,100,1.88,RU,1732400278
538,macenta,8.5435,-9.471,20.67,53,8,0.74,GN,1732400279
539,sangola,17.4333,75.2,19.78,56,98,2.86,IN,1732400280
540,impfondo,1.6381,18.0667,22.48,88,81,0.67,CG,1732400281
541,beaudesert,-27.9833,152.9833,24.04,34,58,1.33,AU,1732400282
542,desaguadero,-16.5656,-69.0417,12.02,61,90,4.92,PE,1732400284
543,saudarkrokur,65.7461,-19.6394,-9.69,88,23,2.18,IS,1732400286
544,yakeshi,49.2833,120.7333,-15.69,95,8,1.41,CN,1732400287
545,aioun,16.6614,-9.6149,26.2,11,6,4.1,MR,1732400288
546,la foa,-21.7108,165.8276,25.03,72,100,1.22,NC,1732400289
547,beau vallon,-20.4189,57.6953,24.13,88,20,3.6,MU,1732400290
548,kirishi,59.4471,32.0205,-2.01,85,15,3.4,RU,1732400291
549,howrah,22.5892,88.3103,19.0,82,40,0.0,IN,1732400292
550,ghadamis,30.1337,9.5007,16.4,39,0,5.33,LY,1732400293
551,erdenet,49.0333,104.0833,-14.5,81,100,4.24,MN,1732400294
552,northam,51.0333,-4.2167,15.34,96,100,13.68,GB,1732400296
553,ar ruways,24.1103,52.7306,24.31,65,52,4.98,AE,1732400297
554,paraiso,9.8383,-83.8656,17.45,100,100,2.0,CR,1732400298
555,vila velha,-20.3297,-40.2925,22.19,86,75,4.12,BR,1732400085
556,madang,-5.2246,145.7966,26.29,88,82,1.58,PG,1732400300
557,bryant,34.5959,-92.4891,17.42,50,54,2.24,US,1732400301
558,beyneu,45.3167,55.2,3.52,82,0,7.68,KZ,1732400302
559,manggar,-2.8833,108.2667,25.26,89,100,1.01,ID,1732400143
560,la passe,45.5549,-0.8967,11.28,69,100,9.95,FR,1732400305
561,zalingei,12.9096,23.4741,19.27,18,2,2.91,SD,1732400134
562,lincheng,19.9078,109.6858,21.95,89,99,5.68,CN,1732400307
563,easton,40.6884,-75.2207,8.28,66,20,3.09,US,1732400308
564,taksimo,56.3444,114.8794,-10.42,93,100,1.85,RU,1732400309
565,la toma,-33.0526,-65.6238,27.66,42,0,7.08,AR,1732400310
566,naval,11.5606,124.3975,26.14,88,60,3.2,PH,1732400312
567,boa vista,2.8197,-60.6733,32.99,49,40,2.06,BR,1732400066
568,yelizovo,53.1873,158.3805,-5.92,73,75,2.0,RU,1732400314
569,fianarantsoa,-21.4333,47.0833,17.9,92,26,0.5,MG,1732400315
570,togur,58.3631,82.8265,-7.15,96,100,2.45,RU,1732400316
571,puruandiro,20.0833,-101.5,23.76,13,2,2.34,MX,1732400317
572,sai buri,6.7013,101.6168,23.84,92,100,2.53,TH,1732400318
573,tolanaro,-25.0319,46.9987,25.04,94,20,4.12,MG,1732400320
574,pruzhany,52.5567,24.4644,0.38,75,100,5.39,BY,1732400322
